INSERT INTO `users` (`id`, `name`, `password`, `created`)
VALUES (
        4,
        'sharlottte',
        '$2y$10$V9iAtESqaCuW3b1Qx5WVjO3uii7yaN6NDFPNBm2h10P.WCMvT9NLG',
        '2024-04-29 00:41:57'
    ),
    (
        19,
        '123',
        '$2y$10$lZ9TeEfoZZ2.MqS.iZO...50vQxlxilDvjd2myjJk0sv3s5jy17Pa',
        '2024-04-29 13:35:28'
    ),
    (
        25,
        'like',
        '$2y$10$CSGPfu1Q051ytkUD5.cdn.wiURbfpXRiN9ZeXf30ZSZCuB/gprYAm',
        '2024-05-04 14:03:31'
    ),
    (
        26,
        'alisaAndreevna',
        '$2y$10$wOmHNALQNwMelc9ZbTqcdOnJDsgk0Me2pX2X05FYWnatlXyJtz8ja',
        '2024-05-04 14:06:11'
    ),
    (
        28,
        'alisa',
        '$2y$10$vjyuvoUkfxq3P1gZRTbcp.mw9k4SoPMAQm6emtwudHkSmGlC6MZeK',
        '2024-05-04 14:11:27'
    );
INSERT INTO `articles` (`id`, `title`, `content`, `author_id`, `created`)
VALUES (
        3,
        'ГДЗ по математике',
        'КАКОЕ ГДЗ САМ РЕШАЙ оуивмшыаимшвы',
        4,
        '2024-04-29 18:31:55'
    ),
    (
        4,
        'ЭНЕРГЕТИКИ - ВРЕД ИЛИ ПОЛЬЗА',
        'Энергетики в виде сладкого газированного напитка, обогащенного высокой дозой кофеина, появились в 1962 году в Японии. Изначально они были созданы для того, чтобы заменить амфетамин — очень популярный в стране наркотический психостимулятор, который был запрещен в 1950-х годах. В 1980-х годах энергетики стали популярным напитком для японских руководителей-трудоголиков, которым требовалась дополнительная стимуляция для труда и продвижения по службе. В начале 1980-х годов такие напитки распространились в США и Европе. Надо отметить, что добавлять кофеин в газировку на Западе придумали очень давно, однако в кока-коле и ее аналогах его совсем немного — в несколько раз меньше, чем в типичных японских энергетиках.\r\n\r\nПолезное действие энергетиков можно представить в следующем виде: \r\n\r\n- стимуляция физической активности. Энергетические напитки тонизируют, восстанавливают силы, активизируя скрытые ресурсы организма;\r\n\r\n- стимуляция умственной активности. Повышается скорость реакции, внимательность. Улучшаются когнитивные способности, облегчается восприятие информации, улучшается память.\r\n\r\n- стимуляция эмоциональных процессов. Напиток повышает настроение, избавляет от чувства тревоги;\r\n\r\n-доставка питательных веществ. При высоком содержании глюкозы и витаминов в составе энергетики служат в некоторой степени источником питательных веществ;\r\n\r\n- ускорение метаболизма. Под воздействием некоторых компонентов напитков ускоряются обменные процессы в клетках, пищеварение, усвоение питательных веществ, расщепление жиров. Также стимулируется кровообращение, улучшается питание клеток кислородом;\r\n\r\n- оказание обезболивающего эффекта. Может снимать головную боль, мышечную усталость.\r\n\r\nПосле распития энергетических напитков организм человека проходит несколько стадий воздействия активных компонентов:\r\n\r\n- стадия подъема. Попадая в желудочно-кишечный тракт, все ингредиенты довольно быстро всасываются в кровь и начинают бурную стимулирующую деятельность. Человек ощущает прилив сил, бодрость, становится более активным и инициативным;\r\n\r\n- стадия бодрствования. На протяжении этого несколько часового периода стимулирующий эффект в большей степени обеспечивается за счет внутренних резервов, т.е. накопленных организмом запасов. Человек сохраняет высокую степень работоспособности и активности, не ощущает усталости и желания погрузиться в сон;\r\n\r\n- стадия упадка сил. Проведенные исследования показали, что расход внутренней энергии иногда настолько велик, что это может привести к истощению организма. Так, после употребленных 1-2 банок продукта через 3-5 часов человек может почувствовать усиленную слабость и усталость.  Употребление дополнительной порции напитка не всегда приведет к повторному подъему, т.к. ресурсы организма не безграничны. Это, наоборот, приводит к еще большему истощению и повышенной вероятности развития тяжелых побочных эффектов.\r\n\r\nСтоит отметить, что к серьезным последствиям для здоровья приводит либо злоупотребление энергетиками, либо прием их людьми с противопоказаниями.\r\n\r\nЗлоупотребление энергетиками с высокой долей вероятности приведет к серьезным расстройствам сердечно-сосудистой системы даже здорового человека. Повышенные дозы кофеина резко увеличивают артериальное давление, повышают пульс, вызывают нарушения сердечного ритма, увеличивают риск сердечной недостаточности, увеличивают риск ишемии миокарда.\r\n\r\nСмерть от передозировки кофеина — вполне реальная ситуация, и почти все известные случаи связаны именно с проблемами с сердцем. Так, в 2013 году 26-летний техасец  умер из-за того, что выпивал 8–10 банок энергетика в день: у него образовался тромб, который привел к остановке сердца.\r\n\r\nВ 2017 году в Америке совершенно здоровый 16-летний подросток умер от аритмии, вызванной передозировкой кофеина: в течение двух часов он выпил латте, большую газировку и энергетик.\r\n\r\nКак и любые психостимуляторы, энергетики могут негативно влиять на работу нервной системы. Вот самые частые расстройства, связанные с ними: бессонница, головные боли, тревожность, панические атаки, повышенная агрессия, визуальные и слуховые галлюцинации, хроническая усталость.\r\n\r\nКроме того, некоторые исследователи считают, что кофеин вызывает привыкание, которое чревато постоянным повышением дозы и синдромом отмены. Впрочем, исследовать зависимость от кофеина непросто, так как его употребление не порицается и даже поощряется обществом.\r\n\r\nЕсли вам необходим кофеин, то кофе или чай без сахара — гораздо более предпочтительный способ получить его, чем энергетики. Однако есть способы взбодриться и без кофеина:\r\n\r\n- пейте воду. Достаточная гидратация позволяет дольше оставаться бодрым и меньше уставать;\r\n\r\n- принимайте витамины. Дефицит тех или иных микронутриентов часто вызывает плохое самочувствие, подавленность и усталость. Вполне возможно, вам не хватает сил именно по этой причине. Точно поставить диагноз может лишь врач.\r\n\r\n- занимайтесь спортом. Легкие и умеренные физические нагрузки стимулируют нервную систему и вызывают приливы энергии, гораздо более здоровые и естественные, чем кофеин.',
        4,
        '2024-04-29 23:57:49'
    ),
    (
        5,
        'ЖЕНЩИНА УБИЛА СОБУТЫЛЬНИКА КАМНЕМ ИЗ-ЗА РУЧНОГО КРОЛИКА В СЕВАСТОПОЛЕ',
        'Женщина убила собутыльника камнем из-за ручного кролика в Севастополе.\r\n\r\nОльга зарабатывала на жизнь, давая туристам фотографироваться с кролём. Однажды познакомилась с мужчиной, привела домой, вместе выпили, а когда она начала его выгонять — тот не уходил. Тогда хозяйка, подхватив самое ценное — своего ушастика, отправилась бродить в ночи. По дороге переноску с животинкой где-то потеряла и рассердилась.\r\n\r\nДома Ольга обвинила нового знакомого: из-за него источник прибыли пропал. И начала угрожать проломить голову, если не уйдёт. Потом принесла камень, несколько раз ударила гостя, вытащила его на улицу и оставила там.\r\n\r\nНа суде дама рассказала другую историю. Кролик там тоже фигурировал, но камнем она никого не била, мол, и поднять бы его не смогла из-за гипса на левой руке. Гостя якобы нашла уже в крови на полу, ещё живого. А сожитель помог его вынести из квартиры. Вину всё же доказали, Ольга отправится в колонию на семь лет.',
        4,
        '2024-04-29 23:58:01'
    ),
    (
        6,
        'НОВЫЙ ПЕРИОД ЖИЗНИ - ОТОДВИНУТАЯ СТАРОСТЬ',
        'Считается, что главный результат роста продолжительности жизни - то, что пожилые люди теперь дольше живут. Но это не так. Главным, огромным, стратегическим, меняющим на наших глазах все человечество следствием скачка продолжительности жизни является вовсе не то, что старость теперь дольше продолжается, а то, что она намного позже начинается.\r\nДля тех, кому сегодня 40, 50, 55 лет, старость начнется только лет в 75-80. То есть на добрых 25 лет - четверть века! - позже, чем для поколения наших родителей. Еще совсем недавно в человеческой жизни было лишь 3 основных периода: молодость, зрелость, старость. Теперь \"зрелость\" случается в 50 и отмечает собой начало абсолютно нового, попросту не существовавшего раньше этапа в человеческой жизни.\r\nЧто мы знаем о нем?\r\n1. Он продолжается почти 30 лет - с 50 до примерно 75.\r\n2. В отличие от прежних представлений, физические и интеллектуальные возможности человека в этот период при правильном подходе не снижаются и остаются, по крайней мере, не хуже, а в некоторых случаях и лучше, чем в молодости.\r\n3. Потенциально это лучший, самый качественный период в человеческой жизни, поскольку совмещает в себе здоровье, силы и жизненный опыт. \"Если бы молодость знала, если бы старость могла\" - это больше не про нас.\r\nПо всем статистическим данным последних лет, самое счастливое время в жизни, ее пик наступает теперь примерно в 65 лет.\r\n4. Те, кому сегодня 55-65 лет, проживают этот период первыми в истории человечества. Раньше его просто не было, поскольку люди намного раньше старели.\r\n5. В ближайшие несколько десятилетий люди возраста 50-75 станут самой массовой возрастной группой на планете.\r\nЧем отличается жизнь после 50 от всей предыдущей жизни?\r\nДа тем, что тому, как жить после 50, нас никто никогда не учил!\r\nВ младенчестве нас готовят к детству, в детстве - к юности, в юности - к молодости, а в молодости мы проводим десятки часов, готовя себя к предстоящим испытаниям зрелости. И только границу в 50 лет мы пересекаем, не имея ни малейшего представления о том, как, чем и ради чего жить дальше.\r\nЗдесь нет ничего удивительного. Откуда таким знаниям взяться, если еще для поколения наших родителей в 50 лет официально начиналась старость, и жить дальше вообще не полагалось, а полагалось начинать понемногу умирать.\r\nМы редко осознаем, что та жизненная программа, которой мы неукоснительно следуем, путешествуя по жизни, на самом деле заложена в нас предыдущими поколениями. Именно предыдущими поколениями созданы те книги, фильмы, система образования, которые в детстве и в молодости формируют наше сознание. Но у предыдущих поколений не было никаких представлений о жизни после 50 по той простой причине, что после 50 лет жизни не было в принципе. Потому нет их и в программе жизни, которая досталась нам от них в наследство.\r\nПо всей и всяческой статистике для тех, кому сегодня 50-55 или около того, старость начнется не раньше 80 лет. Это очень, очень приятно, конечно. Нам просто взяли и подарили аж 25 лет (!) дополнительной активной и насыщенной жизни.\r\nПроблема в том, что как пользоваться этим подарком, не научили. И в результате, переходя границу в 50 и соглашаясь по незнанию на преждевременную старость, мы рискуем потерять добрых 25-30 лет, которые - без преувеличения - могли бы быть лучшими в нашей жизни. После 50 лет в жизни наступает замечательный момент, когда есть время, здоровье, силы, свобода от социальных обязательств, опыт, и до начала старости, по современным меркам, еще четверть века!\r\nНе теряйте этого времени зря.\r\nПотом будете очень жалеть!\r\nЕсли вам за 50, то для вас сегодня возможно абсолютно все: новые увлечения, новые радости и впечатления, новая карьера, новая любовь, новые путешествия. Причем качество этих жизненных впечатлений намного превышает все, что было доступно в зеленой, неумелой юности или обремененной обязательствами зрелости.\r\nУраааа!!! Жить да жить!\"',
        4,
        '2024-04-30 00:21:51'
    ),
    (
        7,
        'newonedsvsdv',
        'newtwofbserberb',
        4,
        '2024-04-30 00:27:05'
    ),
    (
        8,
        '\"НЕТ, ОНА НЕ ЗАГОРИТСЯ, ЭТО ЖЕ БОЖЕСТВЕННАЯ КНИГА\"',
        'Трое молодых людей сожгли Библию и записали всё на видео. Акт религиозного вандализма произошёл в Новоалександровске.\r\n\r\nЖителям Ставрополья, едва достигшим совершеннолетия, стало интересно, горят ли святые рукописи. Поэтому они засунули в мангал Новый Завет. Но законы физики никто не отменял — Писание превратилось в золу.\r\n\r\nТеперь три товарища ходят под уголовкой. Статьи две: оскорбление чувств верующих и хулиганство. Последняя подразумевает до семи лет лишения свободы. Все участники преступного \"пикника\" задержаны.',
        28,
        '2024-05-04 14:31:46'
    ),
    (
        9,
        'Итеративные методы',
        'При большом количестве наблюдений иерархические методы кластерного анализа не \r\nпригодны. В таких случаях используют неиерархические методы, основанные на разделении, \r\nкоторые представляют собой итеративные методы дробления исходной совокупности. В \r\nпроцессе деления новые кластеры формируются до тех пор, пока не будет выполнено правило \r\nостановки.\r\nТакая неиерархическая кластеризация состоит в разделении набора данных на \r\nопределенное количество отдельных кластеров. Существует два подхода. Первый заключается в \r\nопределении границ кластеров как наиболее плотных участков в многомерном пространстве \r\nисходных данных, т.е. определение кластера там, где имеется большое \"сгущение точек\". Второй \r\nподход заключается в минимизации меры различия объектов.\r\nАлгоритм k-средних (k-means)\r\nНаиболее распространен среди неиерархических методов алгоритм k-средних, также \r\nназываемый быстрым кластерным анализом.\r\nВ отличие от иерархических методов, которые не требуют предварительных \r\nпредположений относительно числа кластеров, для возможности использования этого метода \r\nнеобходимо иметь гипотезу о наиболее вероятном количестве кластеров.\r\nАлгоритм k-средних строит k кластеров, расположенных на возможно больших \r\nрасстояниях друг от друга. Основной тип задач, которые решает алгоритм k-средних, - наличие \r\nпредположений (гипотез) относительно числа кластеров, при этом они должны быть различны \r\nнастолько, насколько это возможно. Выбор числа k может базироваться на результатах \r\nпредшествующих исследований, теоретических соображениях или интуиции.\r\nОбщая идея алгоритма: заданное фиксированное число k кластеров наблюдения \r\nсопоставляются кластерам так, что средние в кластере (для всех переменных) максимально \r\nвозможно отличаются друг от друга.',
        4,
        '2024-05-08 11:55:27'
    ),
    (
        10,
        'Краткие теоретические сведения',
        'Кластеризация предназначена для разбиения совокупности объектов на однородные \r\nгруппы (кластеры или классы). Если данные выборки представить как точки в признаковом \r\nпространстве, то задача кластеризации сводится к определению \"сгущений точек\".\r\nЦель кластеризации - поиск существующих структур.\r\nКластеризация является описательной процедурой, она не делает никаких статистических \r\nвыводов, но дает возможность провести разведочный анализ и изучить \"структуру данных\".\r\nСамо понятие \"кластер\" определено неоднозначно: в каждом исследовании свои \r\n\"кластеры\". Переводится понятие кластер (cluster) как \"скопление\", \"гроздь\".\r\nКластер можно охарактеризовать как группу объектов, имеющих общие свойства.\r\nХарактеристиками кластера можно назвать два признака:\r\n– внутренняя однородность;\r\n– внешняя изолированность.\r\nТермин кластерный анализ, впервые введенный Трионом (Tryon) в 1939 году, включает в \r\nсебя более 100 различных алгоритмов.\r\nКластерный анализ позволяет сокращать размерность данных, делать ее наглядной.\r\nЗадачи кластерного анализа можно объединить в следующие группы:\r\n1. Разработка типологии или классификации.\r\n2. Исследование полезных концептуальных схем группирования объектов.\r\n3. Представление гипотез на основе исследования данных.\r\n4. Проверка гипотез или исследований для определения, действительно ли типы (группы), \r\nвыделенные тем или иным способом, присутствуют в имеющихся данных.\r\nКритерием для определения схожести и различия кластеров является расстояние между \r\nточками на диаграмме рассеивания. Это сходство можно \"измерить\", оно равно расстоянию \r\nмежду точками на графике. \r\nМетодов вычисления расстояний существует очень много (не забывайте, что дело \r\nпроисходит в многомерном пространстве). Наиболее широко употребляемыми методами для \r\nнепрерывных переменных являются: эвклидово расстояние (рис. 1) – Euclidian distances (1) и \r\nманхеттеновское расстояние или расстояние городских кварталов – City-block (Manhattan) (2).',
        28,
        '2024-05-08 11:57:22'
    ),
    (
        11,
        ' Теоретическое введение',
        'При реализации принятия решений в случае многих критериев (свойств, \r\nхарактеристик) используется многомерная функция полезности, т.е. функция полезности, \r\nучитывающая для каждого решения его полезности по каждому критерию. Подход, \r\nопределяющий использование многомерной полезности, рассмотрим на примере двух \r\nкритериев (свойств, характеристик решений). Обозначим через и множества \r\nвозможных значений каждого из критериев, - соответственно значения каждого из \r\nкритериев для некоторого решения (т.е. ). Понятно, что \r\nмножества значений и соответствующих критериев являются счетными и \r\nконечными. Если через обозначено некоторое -е решение , тогда это решение \r\nхарактеризуется парой значений ( ). В соответствии с постановкой задачи \r\nнеобходимо определить то решение , которое будет являться эффективным с точки \r\nзрения его общей полезности.\r\nОсновное понятие многокритериальной теории полезности (теории многомерной \r\nполезности) – это понятие замещения по полезности или просто замещения. Понятие \r\nзамещения по полезности (в дальнейшем замещения) связано с предположением о том, \r\nчто приращение по одному критерию может быть скомпенсировано путем уступки \r\nпо другому критерию . Для увеличения оценки полезности по второму критерию на \r\nтребуется выполнить уступку по первому критерию - (т.е. для первого критерия \r\nнайдется такая уступка - , которая обеспечит увеличение второго критерия на ). \r\nЕсли и - некоторые решения, тогда ( ) – значения критериев, соответствующие \r\nрешению , а ( ) (или же ( )) – значения критериев, \r\nсоответствующие решению .\r\nЕсли существует возможность уступки по первому критерию (уступки - ) для \r\nрешения с целью получения нового решения с увеличением для него на \r\nзначения критерия , тогда решение эквивалентно решению с точки зрения \r\nобщей полезности (полезность решения равна полезности решения , решение \r\nэквивалентно решению , ~ ). Данный факт может быть обозначен следующим \r\nобразом: ~ , либо если , то ~\r\n. Аналогичным образом может быть выполнен переход из точки с \r\nкоординатами в точку с координатами , где \r\nи - уступки и приращение, соответствующие переходу отрешения к решению . \r\nПри этом ~ и ~ . Тогда могут быть сформированы все возможные \r\nзамещения для каждого решения (полученные точки , и т.д.) т.е. получено \r\nмножество точек критериального пространства , которые эквивалентны решению \r\nс точки зрения общей полезности (полезности по двум критериям). Точки такого \r\n(одного) множества образуют одну кривую, называемую кривой безразличия.',
        28,
        '2024-05-08 11:59:11'
    ),
    (
        16,
        'fddjnf ajbnawjrb',
        'fsgsdvsbsdvsdvsvsanbakjlrbawlkrnawnrvalenvaweinbakwbdalsdbmv.,asd b.masndblkankbnblakenbakwe',
        28,
        '2024-05-10 22:12:00'
    );
INSERT INTO `comments` (
        `id`,
        `article_id`,
        `user_id`,
        `content`,
        `created`
    )
VALUES (1, 4, 4, 'fsdf se', '2024-05-02 15:09:43'),
    (2, 4, 4, 'oigiorhgier', '2024-05-02 15:09:52'),
    (
        3,
        4,
        19,
        'flbmq;elrmbq;ermb',
        '2024-05-02 20:58:52'
    ),
    (
        5,
        4,
        19,
        'А я вот не согласна, пью энергетики каждый день с нуля лет и полностью здорова! Понапридумывают зумеры всякие проблем. И вообще, я сижу дома с ребенком, работаю на удаленке и получаю 50к в месяц, ссылка...\r\n',
        '2024-05-02 22:45:31'
    ),
    (22, 5, 4, 'Ужас\r\n', '2024-05-08 10:44:20'),
    (23, 3, 28, 'Имба\r\n', '2024-05-08 12:36:09'),
    (24, 4, 28, '654ertygfhg', '2024-05-08 14:55:07'),
    (25, 4, 28, '123123', '2024-05-08 15:00:49'),
    (26, 4, 28, 'bhb', '2024-05-08 15:01:19'),
    (27, 4, 28, '123123', '2024-05-08 15:11:58'),
    (28, 4, 28, '12312312', '2024-05-08 15:20:22'),
    (29, 4, 28, '123123', '2024-05-08 15:22:21'),
    (
        30,
        4,
        28,
        '<script>alert(\'Фейл\');</script>',
        '2024-05-10 18:16:52'
    ),
    (31, 3, 28, '123', '2024-05-10 22:44:40');
INSERT INTO `likes` (`article_id`, `user_id`, `created`)
VALUES (4, 4, '2024-05-08 10:42:17'),
    (4, 28, '2024-05-04 14:33:26');
-- Сдвигаем счетчики автоинкремента
ALTER TABLE `users`
MODIFY `id` int(11) NOT NULL AUTO_INCREMENT,
    AUTO_INCREMENT = 29;
ALTER TABLE `articles`
MODIFY `id` int(11) NOT NULL AUTO_INCREMENT,
    AUTO_INCREMENT = 17;
ALTER TABLE `comments`
MODIFY `id` int(11) NOT NULL AUTO_INCREMENT,
    AUTO_INCREMENT = 32;